variant_id,canonical_movement,image_path,image_sha256,visual_review,technique_review
SST-FIT-0224-V01,45-degree-sled-leg-press,/fit-v3-images/45-degree-sled-leg-press.png,29e2ae25294d071f50f7a40bbc4b1dccd3410aed9faae0229d0625de7902e97f,delegated AI visual correction review,not individually certified
SST-FIT-0224-V02,45-degree-sled-leg-press,/fit-v3-images/45-degree-sled-leg-press.png,29e2ae25294d071f50f7a40bbc4b1dccd3410aed9faae0229d0625de7902e97f,delegated AI visual correction review,not individually certified
SST-FIT-0224-V03,45-degree-sled-leg-press,/fit-v3-images/45-degree-sled-leg-press.png,29e2ae25294d071f50f7a40bbc4b1dccd3410aed9faae0229d0625de7902e97f,delegated AI visual correction review,not individually certified
SST-FIT-0139-V01,band-standing-hip-adduction,/fit-v3-images/band-standing-hip-adduction.png,1d718c72cd4ba24a5cdf393e8fb70453d930d6c1bd2cad4c58c5e792884eea7f,delegated AI visual correction review,not individually certified
SST-FIT-0139-V02,band-standing-hip-adduction,/fit-v3-images/band-standing-hip-adduction.png,1d718c72cd4ba24a5cdf393e8fb70453d930d6c1bd2cad4c58c5e792884eea7f,delegated AI visual correction review,not individually certified
SST-FIT-0139-V03,band-standing-hip-adduction,/fit-v3-images/band-standing-hip-adduction.png,1d718c72cd4ba24a5cdf393e8fb70453d930d6c1bd2cad4c58c5e792884eea7f,delegated AI visual correction review,not individually certified
SST-FIT-0139-V04,band-standing-hip-adduction,/fit-v3-images/band-standing-hip-adduction.png,1d718c72cd4ba24a5cdf393e8fb70453d930d6c1bd2cad4c58c5e792884eea7f,delegated AI visual correction review,not individually certified
SST-FIT-0139-V05,band-standing-hip-adduction,/fit-v3-images/band-standing-hip-adduction.png,1d718c72cd4ba24a5cdf393e8fb70453d930d6c1bd2cad4c58c5e792884eea7f,delegated AI visual correction review,not individually certified
SST-FIT-0139-V06,band-standing-hip-adduction,/fit-v3-images/band-standing-hip-adduction.png,1d718c72cd4ba24a5cdf393e8fb70453d930d6c1bd2cad4c58c5e792884eea7f,delegated AI visual correction review,not individually certified
SST-FIT-0098-V01,bear-crawl,/fit-v3-images/bear-crawl.png,87a49964dabbc59972e44f596cf42128da94555f4b7c76f1b471d958b2e4294d,delegated AI visual correction review,not individually certified
SST-FIT-0098-V02,bear-crawl,/fit-v3-images/bear-crawl.png,87a49964dabbc59972e44f596cf42128da94555f4b7c76f1b471d958b2e4294d,delegated AI visual correction review,not individually certified
SST-FIT-0098-V03,bear-crawl,/fit-v3-images/bear-crawl.png,87a49964dabbc59972e44f596cf42128da94555f4b7c76f1b471d958b2e4294d,delegated AI visual correction review,not individually certified
SST-FIT-0097-V01,bear-hover,/fit-v3-images/bear-hover.png,0bdd3c84d7f047efcf1ce6ea4990f76fa38c5c8eb279800430073100912d9c03,delegated AI visual correction review,not individually certified
SST-FIT-0097-V02,bear-hover,/fit-v3-images/bear-hover.png,0bdd3c84d7f047efcf1ce6ea4990f76fa38c5c8eb279800430073100912d9c03,delegated AI visual correction review,not individually certified
SST-FIT-0097-V03,bear-hover,/fit-v3-images/bear-hover.png,0bdd3c84d7f047efcf1ce6ea4990f76fa38c5c8eb279800430073100912d9c03,delegated AI visual correction review,not individually certified
SST-FIT-0097-V04,bear-hover,/fit-v3-images/bear-hover.png,0bdd3c84d7f047efcf1ce6ea4990f76fa38c5c8eb279800430073100912d9c03,delegated AI visual correction review,not individually certified
SST-FIT-0085-V01,bent-knee-fallout,/fit-v3-images/bent-knee-fallout.png,b323094187610a477f4292291e2526128001ca108245f95034a4c0078ee74027,delegated AI visual correction review,not individually certified
SST-FIT-0085-V02,bent-knee-fallout,/fit-v3-images/bent-knee-fallout.png,b323094187610a477f4292291e2526128001ca108245f95034a4c0078ee74027,delegated AI visual correction review,not individually certified
SST-FIT-0085-V03,bent-knee-fallout,/fit-v3-images/bent-knee-fallout.png,b323094187610a477f4292291e2526128001ca108245f95034a4c0078ee74027,delegated AI visual correction review,not individually certified
SST-FIT-0085-V04,bent-knee-fallout,/fit-v3-images/bent-knee-fallout.png,b323094187610a477f4292291e2526128001ca108245f95034a4c0078ee74027,delegated AI visual correction review,not individually certified
SST-FIT-0249-V01,cable-high-to-low-chop,/fit-v3-images/cable-high-to-low-chop.png,1589323be7ebb5a6819eeda05bda2956d1b992e64f1cfac28f7ff7308baaaa32,delegated AI visual correction review,not individually certified
SST-FIT-0249-V02,cable-high-to-low-chop,/fit-v3-images/cable-high-to-low-chop.png,1589323be7ebb5a6819eeda05bda2956d1b992e64f1cfac28f7ff7308baaaa32,delegated AI visual correction review,not individually certified
SST-FIT-0249-V03,cable-high-to-low-chop,/fit-v3-images/cable-high-to-low-chop.png,1589323be7ebb5a6819eeda05bda2956d1b992e64f1cfac28f7ff7308baaaa32,delegated AI visual correction review,not individually certified
SST-FIT-0249-V04,cable-high-to-low-chop,/fit-v3-images/cable-high-to-low-chop.png,1589323be7ebb5a6819eeda05bda2956d1b992e64f1cfac28f7ff7308baaaa32,delegated AI visual correction review,not individually certified
SST-FIT-0249-V05,cable-high-to-low-chop,/fit-v3-images/cable-high-to-low-chop.png,1589323be7ebb5a6819eeda05bda2956d1b992e64f1cfac28f7ff7308baaaa32,delegated AI visual correction review,not individually certified
SST-FIT-0249-V06,cable-high-to-low-chop,/fit-v3-images/cable-high-to-low-chop.png,1589323be7ebb5a6819eeda05bda2956d1b992e64f1cfac28f7ff7308baaaa32,delegated AI visual correction review,not individually certified
SST-FIT-0250-V01,cable-low-to-high-lift,/fit-v3-images/cable-low-to-high-lift.png,0a7ba67544a8a10ef44942e11533c96868d86d87471b3d98297888ec1c9e045e,delegated AI visual correction review,not individually certified
SST-FIT-0250-V02,cable-low-to-high-lift,/fit-v3-images/cable-low-to-high-lift.png,0a7ba67544a8a10ef44942e11533c96868d86d87471b3d98297888ec1c9e045e,delegated AI visual correction review,not individually certified
SST-FIT-0250-V03,cable-low-to-high-lift,/fit-v3-images/cable-low-to-high-lift.png,0a7ba67544a8a10ef44942e11533c96868d86d87471b3d98297888ec1c9e045e,delegated AI visual correction review,not individually certified
SST-FIT-0250-V04,cable-low-to-high-lift,/fit-v3-images/cable-low-to-high-lift.png,0a7ba67544a8a10ef44942e11533c96868d86d87471b3d98297888ec1c9e045e,delegated AI visual correction review,not individually certified
SST-FIT-0250-V05,cable-low-to-high-lift,/fit-v3-images/cable-low-to-high-lift.png,0a7ba67544a8a10ef44942e11533c96868d86d87471b3d98297888ec1c9e045e,delegated AI visual correction review,not individually certified
SST-FIT-0250-V06,cable-low-to-high-lift,/fit-v3-images/cable-low-to-high-lift.png,0a7ba67544a8a10ef44942e11533c96868d86d87471b3d98297888ec1c9e045e,delegated AI visual correction review,not individually certified
SST-FIT-0243-V01,cable-rope-hammer-curl,/fit-v3-images/cable-rope-hammer-curl.png,3a5e8be40621916d6fccfee7b038ec6b0d8c15d171797f73450e2a16ba33e5f9,delegated AI visual correction review,not individually certified
SST-FIT-0243-V02,cable-rope-hammer-curl,/fit-v3-images/cable-rope-hammer-curl.png,3a5e8be40621916d6fccfee7b038ec6b0d8c15d171797f73450e2a16ba33e5f9,delegated AI visual correction review,not individually certified
SST-FIT-0243-V03,cable-rope-hammer-curl,/fit-v3-images/cable-rope-hammer-curl.png,3a5e8be40621916d6fccfee7b038ec6b0d8c15d171797f73450e2a16ba33e5f9,delegated AI visual correction review,not individually certified
SST-FIT-0243-V04,cable-rope-hammer-curl,/fit-v3-images/cable-rope-hammer-curl.png,3a5e8be40621916d6fccfee7b038ec6b0d8c15d171797f73450e2a16ba33e5f9,delegated AI visual correction review,not individually certified
SST-FIT-0243-V05,cable-rope-hammer-curl,/fit-v3-images/cable-rope-hammer-curl.png,3a5e8be40621916d6fccfee7b038ec6b0d8c15d171797f73450e2a16ba33e5f9,delegated AI visual correction review,not individually certified
SST-FIT-0243-V06,cable-rope-hammer-curl,/fit-v3-images/cable-rope-hammer-curl.png,3a5e8be40621916d6fccfee7b038ec6b0d8c15d171797f73450e2a16ba33e5f9,delegated AI visual correction review,not individually certified
SST-FIT-0235-V01,cable-standing-chest-press,/fit-v3-images/cable-standing-chest-press.png,6e1e41cd0889fcb9f9c1a0794ab83f22b31f0776f32921be4d5ab21faa190507,delegated AI visual correction review,not individually certified
SST-FIT-0235-V02,cable-standing-chest-press,/fit-v3-images/cable-standing-chest-press.png,6e1e41cd0889fcb9f9c1a0794ab83f22b31f0776f32921be4d5ab21faa190507,delegated AI visual correction review,not individually certified
SST-FIT-0235-V03,cable-standing-chest-press,/fit-v3-images/cable-standing-chest-press.png,6e1e41cd0889fcb9f9c1a0794ab83f22b31f0776f32921be4d5ab21faa190507,delegated AI visual correction review,not individually certified
SST-FIT-0235-V04,cable-standing-chest-press,/fit-v3-images/cable-standing-chest-press.png,6e1e41cd0889fcb9f9c1a0794ab83f22b31f0776f32921be4d5ab21faa190507,delegated AI visual correction review,not individually certified
SST-FIT-0235-V05,cable-standing-chest-press,/fit-v3-images/cable-standing-chest-press.png,6e1e41cd0889fcb9f9c1a0794ab83f22b31f0776f32921be4d5ab21faa190507,delegated AI visual correction review,not individually certified
SST-FIT-0235-V06,cable-standing-chest-press,/fit-v3-images/cable-standing-chest-press.png,6e1e41cd0889fcb9f9c1a0794ab83f22b31f0776f32921be4d5ab21faa190507,delegated AI visual correction review,not individually certified
SST-FIT-0176-V01,dumbbell-reverse-lunge,/fit-v3-images/dumbbell-reverse-lunge.png,c4986ed3ac9f9899cbc541e252e4935da50c96e509fea78b532efcd699d7a8bd,delegated AI visual correction review,not individually certified
SST-FIT-0176-V02,dumbbell-reverse-lunge,/fit-v3-images/dumbbell-reverse-lunge.png,c4986ed3ac9f9899cbc541e252e4935da50c96e509fea78b532efcd699d7a8bd,delegated AI visual correction review,not individually certified
SST-FIT-0176-V03,dumbbell-reverse-lunge,/fit-v3-images/dumbbell-reverse-lunge.png,c4986ed3ac9f9899cbc541e252e4935da50c96e509fea78b532efcd699d7a8bd,delegated AI visual correction review,not individually certified
SST-FIT-0176-V04,dumbbell-reverse-lunge,/fit-v3-images/dumbbell-reverse-lunge.png,c4986ed3ac9f9899cbc541e252e4935da50c96e509fea78b532efcd699d7a8bd,delegated AI visual correction review,not individually certified
SST-FIT-0176-V05,dumbbell-reverse-lunge,/fit-v3-images/dumbbell-reverse-lunge.png,c4986ed3ac9f9899cbc541e252e4935da50c96e509fea78b532efcd699d7a8bd,delegated AI visual correction review,not individually certified
SST-FIT-0176-V06,dumbbell-reverse-lunge,/fit-v3-images/dumbbell-reverse-lunge.png,c4986ed3ac9f9899cbc541e252e4935da50c96e509fea78b532efcd699d7a8bd,delegated AI visual correction review,not individually certified
SST-FIT-0182-V01,dumbbell-seated-calf-raise,/fit-v3-images/dumbbell-seated-calf-raise.png,2cf777d91f0f1959d286ecfbab12922841535df136c65d2dec66b72d2402249f,delegated AI visual correction review,not individually certified
SST-FIT-0182-V02,dumbbell-seated-calf-raise,/fit-v3-images/dumbbell-seated-calf-raise.png,2cf777d91f0f1959d286ecfbab12922841535df136c65d2dec66b72d2402249f,delegated AI visual correction review,not individually certified
SST-FIT-0182-V03,dumbbell-seated-calf-raise,/fit-v3-images/dumbbell-seated-calf-raise.png,2cf777d91f0f1959d286ecfbab12922841535df136c65d2dec66b72d2402249f,delegated AI visual correction review,not individually certified
SST-FIT-0182-V04,dumbbell-seated-calf-raise,/fit-v3-images/dumbbell-seated-calf-raise.png,2cf777d91f0f1959d286ecfbab12922841535df136c65d2dec66b72d2402249f,delegated AI visual correction review,not individually certified
SST-FIT-0182-V05,dumbbell-seated-calf-raise,/fit-v3-images/dumbbell-seated-calf-raise.png,2cf777d91f0f1959d286ecfbab12922841535df136c65d2dec66b72d2402249f,delegated AI visual correction review,not individually certified
SST-FIT-0182-V06,dumbbell-seated-calf-raise,/fit-v3-images/dumbbell-seated-calf-raise.png,2cf777d91f0f1959d286ecfbab12922841535df136c65d2dec66b72d2402249f,delegated AI visual correction review,not individually certified
SST-FIT-0115-V01,forearm-plank-body-saw,/fit-v3-images/forearm-plank-body-saw.png,54f850bdbe84b62d53eac4e640c816fcca99362bfa56b11bd2d749e075fcf9e1,delegated AI visual correction review,not individually certified
SST-FIT-0115-V02,forearm-plank-body-saw,/fit-v3-images/forearm-plank-body-saw.png,54f850bdbe84b62d53eac4e640c816fcca99362bfa56b11bd2d749e075fcf9e1,delegated AI visual correction review,not individually certified
SST-FIT-0115-V03,forearm-plank-body-saw,/fit-v3-images/forearm-plank-body-saw.png,54f850bdbe84b62d53eac4e640c816fcca99362bfa56b11bd2d749e075fcf9e1,delegated AI visual correction review,not individually certified
SST-FIT-0115-V04,forearm-plank-body-saw,/fit-v3-images/forearm-plank-body-saw.png,54f850bdbe84b62d53eac4e640c816fcca99362bfa56b11bd2d749e075fcf9e1,delegated AI visual correction review,not individually certified
SST-FIT-0052-V01,frog-pump,/fit-v3-images/frog-pump.png,79906e3a198570aa98bdc8c7b05d0eeb1dff7c642b9ddfa17d073c04dc1145d8,delegated AI visual correction review,not individually certified
SST-FIT-0052-V02,frog-pump,/fit-v3-images/frog-pump.png,79906e3a198570aa98bdc8c7b05d0eeb1dff7c642b9ddfa17d073c04dc1145d8,delegated AI visual correction review,not individually certified
SST-FIT-0052-V03,frog-pump,/fit-v3-images/frog-pump.png,79906e3a198570aa98bdc8c7b05d0eeb1dff7c642b9ddfa17d073c04dc1145d8,delegated AI visual correction review,not individually certified
SST-FIT-0052-V04,frog-pump,/fit-v3-images/frog-pump.png,79906e3a198570aa98bdc8c7b05d0eeb1dff7c642b9ddfa17d073c04dc1145d8,delegated AI visual correction review,not individually certified
SST-FIT-0052-V05,frog-pump,/fit-v3-images/frog-pump.png,79906e3a198570aa98bdc8c7b05d0eeb1dff7c642b9ddfa17d073c04dc1145d8,delegated AI visual correction review,not individually certified
SST-FIT-0052-V06,frog-pump,/fit-v3-images/frog-pump.png,79906e3a198570aa98bdc8c7b05d0eeb1dff7c642b9ddfa17d073c04dc1145d8,delegated AI visual correction review,not individually certified
SST-FIT-0027-V01,front-back-weight-shift,/fit-v3-images/front-back-weight-shift.png,23be6e267646f40af41d43a939c9c0506608e09d8b083f872797169c114c207f,delegated AI visual correction review,not individually certified
SST-FIT-0027-V02,front-back-weight-shift,/fit-v3-images/front-back-weight-shift.png,23be6e267646f40af41d43a939c9c0506608e09d8b083f872797169c114c207f,delegated AI visual correction review,not individually certified
SST-FIT-0027-V03,front-back-weight-shift,/fit-v3-images/front-back-weight-shift.png,23be6e267646f40af41d43a939c9c0506608e09d8b083f872797169c114c207f,delegated AI visual correction review,not individually certified
SST-FIT-0027-V04,front-back-weight-shift,/fit-v3-images/front-back-weight-shift.png,23be6e267646f40af41d43a939c9c0506608e09d8b083f872797169c114c207f,delegated AI visual correction review,not individually certified
SST-FIT-0259-V01,half-kneeling-ankle-rock,/fit-v3-images/half-kneeling-ankle-rock.png,3ba2d111c1226461baba1130fa838b591709f37e9843b8e7e7a4c81423a4f1bc,delegated AI visual correction review,not individually certified
SST-FIT-0259-V02,half-kneeling-ankle-rock,/fit-v3-images/half-kneeling-ankle-rock.png,3ba2d111c1226461baba1130fa838b591709f37e9843b8e7e7a4c81423a4f1bc,delegated AI visual correction review,not individually certified
SST-FIT-0259-V03,half-kneeling-ankle-rock,/fit-v3-images/half-kneeling-ankle-rock.png,3ba2d111c1226461baba1130fa838b591709f37e9843b8e7e7a4c81423a4f1bc,delegated AI visual correction review,not individually certified
SST-FIT-0259-V04,half-kneeling-ankle-rock,/fit-v3-images/half-kneeling-ankle-rock.png,3ba2d111c1226461baba1130fa838b591709f37e9843b8e7e7a4c81423a4f1bc,delegated AI visual correction review,not individually certified
SST-FIT-0024-V01,heel-to-toe-walk,/fit-v3-images/heel-to-toe-walk.png,d984182f8a38e25eb705a8ad6191605146abf435f27e4cafed82fc8e33f76e4e,delegated AI visual correction review,not individually certified
SST-FIT-0024-V02,heel-to-toe-walk,/fit-v3-images/heel-to-toe-walk.png,d984182f8a38e25eb705a8ad6191605146abf435f27e4cafed82fc8e33f76e4e,delegated AI visual correction review,not individually certified
SST-FIT-0024-V03,heel-to-toe-walk,/fit-v3-images/heel-to-toe-walk.png,d984182f8a38e25eb705a8ad6191605146abf435f27e4cafed82fc8e33f76e4e,delegated AI visual correction review,not individually certified
SST-FIT-0080-V01,inverted-bodyweight-row,/fit-v3-images/inverted-bodyweight-row.png,76da77c79b444113aa6c07f40d74fb991f3fec804bdb822b6cb01b1b7aa422fd,delegated AI visual correction review,not individually certified
SST-FIT-0080-V02,inverted-bodyweight-row,/fit-v3-images/inverted-bodyweight-row.png,76da77c79b444113aa6c07f40d74fb991f3fec804bdb822b6cb01b1b7aa422fd,delegated AI visual correction review,not individually certified
SST-FIT-0080-V03,inverted-bodyweight-row,/fit-v3-images/inverted-bodyweight-row.png,76da77c79b444113aa6c07f40d74fb991f3fec804bdb822b6cb01b1b7aa422fd,delegated AI visual correction review,not individually certified
SST-FIT-0080-V04,inverted-bodyweight-row,/fit-v3-images/inverted-bodyweight-row.png,76da77c79b444113aa6c07f40d74fb991f3fec804bdb822b6cb01b1b7aa422fd,delegated AI visual correction review,not individually certified
SST-FIT-0080-V05,inverted-bodyweight-row,/fit-v3-images/inverted-bodyweight-row.png,76da77c79b444113aa6c07f40d74fb991f3fec804bdb822b6cb01b1b7aa422fd,delegated AI visual correction review,not individually certified
SST-FIT-0080-V06,inverted-bodyweight-row,/fit-v3-images/inverted-bodyweight-row.png,76da77c79b444113aa6c07f40d74fb991f3fec804bdb822b6cb01b1b7aa422fd,delegated AI visual correction review,not individually certified
SST-FIT-0198-V01,kettlebell-offset-front-rack-march,/fit-v3-images/kettlebell-offset-front-rack-march.png,5c1c807886333c94bfee0f42c66c692ff9ad68aac497a785edd85ca1e6abdae4,delegated AI visual correction review,not individually certified
SST-FIT-0198-V02,kettlebell-offset-front-rack-march,/fit-v3-images/kettlebell-offset-front-rack-march.png,5c1c807886333c94bfee0f42c66c692ff9ad68aac497a785edd85ca1e6abdae4,delegated AI visual correction review,not individually certified
SST-FIT-0198-V03,kettlebell-offset-front-rack-march,/fit-v3-images/kettlebell-offset-front-rack-march.png,5c1c807886333c94bfee0f42c66c692ff9ad68aac497a785edd85ca1e6abdae4,delegated AI visual correction review,not individually certified
SST-FIT-0190-V01,kettlebell-single-arm-swing,/fit-v3-images/kettlebell-single-arm-swing.png,25d8b352f80ab8a3461c94d9708990fa52d64db85be5cd13fc7519e5151f4dfb,delegated AI visual correction review,not individually certified
SST-FIT-0190-V02,kettlebell-single-arm-swing,/fit-v3-images/kettlebell-single-arm-swing.png,25d8b352f80ab8a3461c94d9708990fa52d64db85be5cd13fc7519e5151f4dfb,delegated AI visual correction review,not individually certified
SST-FIT-0190-V03,kettlebell-single-arm-swing,/fit-v3-images/kettlebell-single-arm-swing.png,25d8b352f80ab8a3461c94d9708990fa52d64db85be5cd13fc7519e5151f4dfb,delegated AI visual correction review,not individually certified
SST-FIT-0258-V01,kneeling-adductor-rock-back,/fit-v3-images/kneeling-adductor-rock-back.png,7bf8cb2312c39d726a25fb88a45b2e00cb4bf2e054381322ee28b318abf404f8,delegated AI visual correction review,not individually certified
SST-FIT-0258-V02,kneeling-adductor-rock-back,/fit-v3-images/kneeling-adductor-rock-back.png,7bf8cb2312c39d726a25fb88a45b2e00cb4bf2e054381322ee28b318abf404f8,delegated AI visual correction review,not individually certified
SST-FIT-0258-V03,kneeling-adductor-rock-back,/fit-v3-images/kneeling-adductor-rock-back.png,7bf8cb2312c39d726a25fb88a45b2e00cb4bf2e054381322ee28b318abf404f8,delegated AI visual correction review,not individually certified
SST-FIT-0258-V04,kneeling-adductor-rock-back,/fit-v3-images/kneeling-adductor-rock-back.png,7bf8cb2312c39d726a25fb88a45b2e00cb4bf2e054381322ee28b318abf404f8,delegated AI visual correction review,not individually certified
SST-FIT-0045-V01,lateral-step-up,/fit-v3-images/lateral-step-up.png,665968db9c6ce60dbf59c1956266abfda6de3cb97cb1e4dfb6ba7ab043c986ee,delegated AI visual correction review,not individually certified
SST-FIT-0045-V02,lateral-step-up,/fit-v3-images/lateral-step-up.png,665968db9c6ce60dbf59c1956266abfda6de3cb97cb1e4dfb6ba7ab043c986ee,delegated AI visual correction review,not individually certified
SST-FIT-0045-V03,lateral-step-up,/fit-v3-images/lateral-step-up.png,665968db9c6ce60dbf59c1956266abfda6de3cb97cb1e4dfb6ba7ab043c986ee,delegated AI visual correction review,not individually certified
SST-FIT-0045-V04,lateral-step-up,/fit-v3-images/lateral-step-up.png,665968db9c6ce60dbf59c1956266abfda6de3cb97cb1e4dfb6ba7ab043c986ee,delegated AI visual correction review,not individually certified
SST-FIT-0045-V05,lateral-step-up,/fit-v3-images/lateral-step-up.png,665968db9c6ce60dbf59c1956266abfda6de3cb97cb1e4dfb6ba7ab043c986ee,delegated AI visual correction review,not individually certified
SST-FIT-0045-V06,lateral-step-up,/fit-v3-images/lateral-step-up.png,665968db9c6ce60dbf59c1956266abfda6de3cb97cb1e4dfb6ba7ab043c986ee,delegated AI visual correction review,not individually certified
SST-FIT-0295-V01,low-step-aerobic-basic,/fit-v3-images/low-step-aerobic-basic.png,57363a438facc5377631a066f3b83aa7e1ea47a7aa183caccd57fe8b5eeeee35,delegated AI visual correction review,not individually certified
SST-FIT-0295-V02,low-step-aerobic-basic,/fit-v3-images/low-step-aerobic-basic.png,57363a438facc5377631a066f3b83aa7e1ea47a7aa183caccd57fe8b5eeeee35,delegated AI visual correction review,not individually certified
SST-FIT-0295-V03,low-step-aerobic-basic,/fit-v3-images/low-step-aerobic-basic.png,57363a438facc5377631a066f3b83aa7e1ea47a7aa183caccd57fe8b5eeeee35,delegated AI visual correction review,not individually certified
SST-FIT-0295-V04,low-step-aerobic-basic,/fit-v3-images/low-step-aerobic-basic.png,57363a438facc5377631a066f3b83aa7e1ea47a7aa183caccd57fe8b5eeeee35,delegated AI visual correction review,not individually certified
SST-FIT-0295-V05,low-step-aerobic-basic,/fit-v3-images/low-step-aerobic-basic.png,57363a438facc5377631a066f3b83aa7e1ea47a7aa183caccd57fe8b5eeeee35,delegated AI visual correction review,not individually certified
SST-FIT-0216-V01,neutral-grip-lat-pulldown,/fit-v3-images/neutral-grip-lat-pulldown.png,693c344f0e49f0df32074694090720cc70c40d2055d880f721c0743511caedbb,delegated AI visual correction review,not individually certified
SST-FIT-0216-V02,neutral-grip-lat-pulldown,/fit-v3-images/neutral-grip-lat-pulldown.png,693c344f0e49f0df32074694090720cc70c40d2055d880f721c0743511caedbb,delegated AI visual correction review,not individually certified
SST-FIT-0216-V03,neutral-grip-lat-pulldown,/fit-v3-images/neutral-grip-lat-pulldown.png,693c344f0e49f0df32074694090720cc70c40d2055d880f721c0743511caedbb,delegated AI visual correction review,not individually certified
SST-FIT-0216-V04,neutral-grip-lat-pulldown,/fit-v3-images/neutral-grip-lat-pulldown.png,693c344f0e49f0df32074694090720cc70c40d2055d880f721c0743511caedbb,delegated AI visual correction review,not individually certified
SST-FIT-0216-V05,neutral-grip-lat-pulldown,/fit-v3-images/neutral-grip-lat-pulldown.png,693c344f0e49f0df32074694090720cc70c40d2055d880f721c0743511caedbb,delegated AI visual correction review,not individually certified
SST-FIT-0216-V06,neutral-grip-lat-pulldown,/fit-v3-images/neutral-grip-lat-pulldown.png,693c344f0e49f0df32074694090720cc70c40d2055d880f721c0743511caedbb,delegated AI visual correction review,not individually certified
SST-FIT-0213-V01,pec-deck-fly,/fit-v3-images/pec-deck-fly.png,c1ebc92d1956c466d76f600b88c0a20bf0b4a5e05be59bf4bc26f911d60ba89a,delegated AI visual correction review,not individually certified
SST-FIT-0213-V02,pec-deck-fly,/fit-v3-images/pec-deck-fly.png,c1ebc92d1956c466d76f600b88c0a20bf0b4a5e05be59bf4bc26f911d60ba89a,delegated AI visual correction review,not individually certified
SST-FIT-0213-V03,pec-deck-fly,/fit-v3-images/pec-deck-fly.png,c1ebc92d1956c466d76f600b88c0a20bf0b4a5e05be59bf4bc26f911d60ba89a,delegated AI visual correction review,not individually certified
SST-FIT-0213-V04,pec-deck-fly,/fit-v3-images/pec-deck-fly.png,c1ebc92d1956c466d76f600b88c0a20bf0b4a5e05be59bf4bc26f911d60ba89a,delegated AI visual correction review,not individually certified
SST-FIT-0213-V05,pec-deck-fly,/fit-v3-images/pec-deck-fly.png,c1ebc92d1956c466d76f600b88c0a20bf0b4a5e05be59bf4bc26f911d60ba89a,delegated AI visual correction review,not individually certified
SST-FIT-0213-V06,pec-deck-fly,/fit-v3-images/pec-deck-fly.png,c1ebc92d1956c466d76f600b88c0a20bf0b4a5e05be59bf4bc26f911d60ba89a,delegated AI visual correction review,not individually certified
SST-FIT-0086-V01,posterior-pelvic-tilt,/fit-v3-images/posterior-pelvic-tilt.png,b705f02bfca9a3ad2cf08ce94b6a53512d0bf380c02ed123c4947781ef9e90c8,delegated AI visual correction review,not individually certified
SST-FIT-0086-V02,posterior-pelvic-tilt,/fit-v3-images/posterior-pelvic-tilt.png,b705f02bfca9a3ad2cf08ce94b6a53512d0bf380c02ed123c4947781ef9e90c8,delegated AI visual correction review,not individually certified
SST-FIT-0086-V03,posterior-pelvic-tilt,/fit-v3-images/posterior-pelvic-tilt.png,b705f02bfca9a3ad2cf08ce94b6a53512d0bf380c02ed123c4947781ef9e90c8,delegated AI visual correction review,not individually certified
SST-FIT-0086-V04,posterior-pelvic-tilt,/fit-v3-images/posterior-pelvic-tilt.png,b705f02bfca9a3ad2cf08ce94b6a53512d0bf380c02ed123c4947781ef9e90c8,delegated AI visual correction review,not individually certified
SST-FIT-0077-V01,prone-w-raise,/fit-v3-images/prone-w-raise.png,1c3d052107b260d580f971614dcc94325e935a71ffe106c0ab5bc6ce8f6a9ecd,delegated AI visual correction review,not individually certified
SST-FIT-0077-V02,prone-w-raise,/fit-v3-images/prone-w-raise.png,1c3d052107b260d580f971614dcc94325e935a71ffe106c0ab5bc6ce8f6a9ecd,delegated AI visual correction review,not individually certified
SST-FIT-0077-V03,prone-w-raise,/fit-v3-images/prone-w-raise.png,1c3d052107b260d580f971614dcc94325e935a71ffe106c0ab5bc6ce8f6a9ecd,delegated AI visual correction review,not individually certified
SST-FIT-0077-V04,prone-w-raise,/fit-v3-images/prone-w-raise.png,1c3d052107b260d580f971614dcc94325e935a71ffe106c0ab5bc6ce8f6a9ecd,delegated AI visual correction review,not individually certified
SST-FIT-0077-V05,prone-w-raise,/fit-v3-images/prone-w-raise.png,1c3d052107b260d580f971614dcc94325e935a71ffe106c0ab5bc6ce8f6a9ecd,delegated AI visual correction review,not individually certified
SST-FIT-0077-V06,prone-w-raise,/fit-v3-images/prone-w-raise.png,1c3d052107b260d580f971614dcc94325e935a71ffe106c0ab5bc6ce8f6a9ecd,delegated AI visual correction review,not individually certified
SST-FIT-0074-V01,scapular-push-up,/fit-v3-images/scapular-push-up.png,1de10c3d0c2877c6c561f4d3ca7263949676b8c8e2b9bda73f4c5b853a27cec4,delegated AI visual correction review,not individually certified
SST-FIT-0074-V02,scapular-push-up,/fit-v3-images/scapular-push-up.png,1de10c3d0c2877c6c561f4d3ca7263949676b8c8e2b9bda73f4c5b853a27cec4,delegated AI visual correction review,not individually certified
SST-FIT-0074-V03,scapular-push-up,/fit-v3-images/scapular-push-up.png,1de10c3d0c2877c6c561f4d3ca7263949676b8c8e2b9bda73f4c5b853a27cec4,delegated AI visual correction review,not individually certified
SST-FIT-0074-V04,scapular-push-up,/fit-v3-images/scapular-push-up.png,1de10c3d0c2877c6c561f4d3ca7263949676b8c8e2b9bda73f4c5b853a27cec4,delegated AI visual correction review,not individually certified
SST-FIT-0074-V05,scapular-push-up,/fit-v3-images/scapular-push-up.png,1de10c3d0c2877c6c561f4d3ca7263949676b8c8e2b9bda73f4c5b853a27cec4,delegated AI visual correction review,not individually certified
SST-FIT-0074-V06,scapular-push-up,/fit-v3-images/scapular-push-up.png,1de10c3d0c2877c6c561f4d3ca7263949676b8c8e2b9bda73f4c5b853a27cec4,delegated AI visual correction review,not individually certified
SST-FIT-0260-V01,seated-90-90-hip-rotation,/fit-v3-images/seated-90-90-hip-rotation.png,12abb6c4533aeb0e383e57b14998a22e90d61b1e17e47a979ed3e588763e0403,delegated AI visual correction review,not individually certified
SST-FIT-0260-V02,seated-90-90-hip-rotation,/fit-v3-images/seated-90-90-hip-rotation.png,12abb6c4533aeb0e383e57b14998a22e90d61b1e17e47a979ed3e588763e0403,delegated AI visual correction review,not individually certified
SST-FIT-0260-V03,seated-90-90-hip-rotation,/fit-v3-images/seated-90-90-hip-rotation.png,12abb6c4533aeb0e383e57b14998a22e90d61b1e17e47a979ed3e588763e0403,delegated AI visual correction review,not individually certified
SST-FIT-0260-V04,seated-90-90-hip-rotation,/fit-v3-images/seated-90-90-hip-rotation.png,12abb6c4533aeb0e383e57b14998a22e90d61b1e17e47a979ed3e588763e0403,delegated AI visual correction review,not individually certified
SST-FIT-0003-V01,seated-alternating-march,/fit-v3-images/seated-alternating-march.png,da308a5ddb448a3c5c8c9b019fdd95d02caabd8121382014e17fdd6b11b7b23a,delegated AI visual correction review,not individually certified
SST-FIT-0003-V02,seated-alternating-march,/fit-v3-images/seated-alternating-march.png,da308a5ddb448a3c5c8c9b019fdd95d02caabd8121382014e17fdd6b11b7b23a,delegated AI visual correction review,not individually certified
SST-FIT-0003-V03,seated-alternating-march,/fit-v3-images/seated-alternating-march.png,da308a5ddb448a3c5c8c9b019fdd95d02caabd8121382014e17fdd6b11b7b23a,delegated AI visual correction review,not individually certified
SST-FIT-0003-V04,seated-alternating-march,/fit-v3-images/seated-alternating-march.png,da308a5ddb448a3c5c8c9b019fdd95d02caabd8121382014e17fdd6b11b7b23a,delegated AI visual correction review,not individually certified
SST-FIT-0018-V01,seated-heel-dig,/fit-v3-images/seated-heel-dig.png,42575f83fe16a77747ecbc8320420e99875edbca0180abd6a2d4fe3ef4737e6a,delegated AI visual correction review,not individually certified
SST-FIT-0018-V02,seated-heel-dig,/fit-v3-images/seated-heel-dig.png,42575f83fe16a77747ecbc8320420e99875edbca0180abd6a2d4fe3ef4737e6a,delegated AI visual correction review,not individually certified
SST-FIT-0018-V03,seated-heel-dig,/fit-v3-images/seated-heel-dig.png,42575f83fe16a77747ecbc8320420e99875edbca0180abd6a2d4fe3ef4737e6a,delegated AI visual correction review,not individually certified
SST-FIT-0018-V04,seated-heel-dig,/fit-v3-images/seated-heel-dig.png,42575f83fe16a77747ecbc8320420e99875edbca0180abd6a2d4fe3ef4737e6a,delegated AI visual correction review,not individually certified
SST-FIT-0008-V01,seated-heel-slide,/fit-v3-images/seated-heel-slide.png,5885b25d465568c4194797e32f246b8fedd39a78243d51314f1e8e3e1d659a0b,delegated AI visual correction review,not individually certified
SST-FIT-0008-V02,seated-heel-slide,/fit-v3-images/seated-heel-slide.png,5885b25d465568c4194797e32f246b8fedd39a78243d51314f1e8e3e1d659a0b,delegated AI visual correction review,not individually certified
SST-FIT-0008-V03,seated-heel-slide,/fit-v3-images/seated-heel-slide.png,5885b25d465568c4194797e32f246b8fedd39a78243d51314f1e8e3e1d659a0b,delegated AI visual correction review,not individually certified
SST-FIT-0008-V04,seated-heel-slide,/fit-v3-images/seated-heel-slide.png,5885b25d465568c4194797e32f246b8fedd39a78243d51314f1e8e3e1d659a0b,delegated AI visual correction review,not individually certified
SST-FIT-0228-V01,seated-leg-curl-machine,/fit-v3-images/seated-leg-curl-machine.png,4ff4dc43197e71d194c87aa159aa4a6aa299756f3e5b874605a527d1acf96045,delegated AI visual correction review,not individually certified
SST-FIT-0228-V02,seated-leg-curl-machine,/fit-v3-images/seated-leg-curl-machine.png,4ff4dc43197e71d194c87aa159aa4a6aa299756f3e5b874605a527d1acf96045,delegated AI visual correction review,not individually certified
SST-FIT-0228-V03,seated-leg-curl-machine,/fit-v3-images/seated-leg-curl-machine.png,4ff4dc43197e71d194c87aa159aa4a6aa299756f3e5b874605a527d1acf96045,delegated AI visual correction review,not individually certified
SST-FIT-0228-V04,seated-leg-curl-machine,/fit-v3-images/seated-leg-curl-machine.png,4ff4dc43197e71d194c87aa159aa4a6aa299756f3e5b874605a527d1acf96045,delegated AI visual correction review,not individually certified
SST-FIT-0228-V05,seated-leg-curl-machine,/fit-v3-images/seated-leg-curl-machine.png,4ff4dc43197e71d194c87aa159aa4a6aa299756f3e5b874605a527d1acf96045,delegated AI visual correction review,not individually certified
SST-FIT-0228-V06,seated-leg-curl-machine,/fit-v3-images/seated-leg-curl-machine.png,4ff4dc43197e71d194c87aa159aa4a6aa299756f3e5b874605a527d1acf96045,delegated AI visual correction review,not individually certified
SST-FIT-0223-V01,seated-machine-leg-press,/fit-v3-images/seated-machine-leg-press.png,1cfa5669bd7be2462cb255c3a993e0055eb205ffb684efa140463d672d2ee231,delegated AI visual correction review,not individually certified
SST-FIT-0223-V02,seated-machine-leg-press,/fit-v3-images/seated-machine-leg-press.png,1cfa5669bd7be2462cb255c3a993e0055eb205ffb684efa140463d672d2ee231,delegated AI visual correction review,not individually certified
SST-FIT-0223-V03,seated-machine-leg-press,/fit-v3-images/seated-machine-leg-press.png,1cfa5669bd7be2462cb255c3a993e0055eb205ffb684efa140463d672d2ee231,delegated AI visual correction review,not individually certified
SST-FIT-0223-V04,seated-machine-leg-press,/fit-v3-images/seated-machine-leg-press.png,1cfa5669bd7be2462cb255c3a993e0055eb205ffb684efa140463d672d2ee231,delegated AI visual correction review,not individually certified
SST-FIT-0223-V05,seated-machine-leg-press,/fit-v3-images/seated-machine-leg-press.png,1cfa5669bd7be2462cb255c3a993e0055eb205ffb684efa140463d672d2ee231,delegated AI visual correction review,not individually certified
SST-FIT-0223-V06,seated-machine-leg-press,/fit-v3-images/seated-machine-leg-press.png,1cfa5669bd7be2462cb255c3a993e0055eb205ffb684efa140463d672d2ee231,delegated AI visual correction review,not individually certified
SST-FIT-0006-V01,seated-toe-raise,/fit-v3-images/seated-toe-raise.png,520916d51de3db02fa8dd6c1019dcc3c277fce01c85a3b33527d2b187fbe3fd7,delegated AI visual correction review,not individually certified
SST-FIT-0006-V02,seated-toe-raise,/fit-v3-images/seated-toe-raise.png,520916d51de3db02fa8dd6c1019dcc3c277fce01c85a3b33527d2b187fbe3fd7,delegated AI visual correction review,not individually certified
SST-FIT-0006-V03,seated-toe-raise,/fit-v3-images/seated-toe-raise.png,520916d51de3db02fa8dd6c1019dcc3c277fce01c85a3b33527d2b187fbe3fd7,delegated AI visual correction review,not individually certified
SST-FIT-0006-V04,seated-toe-raise,/fit-v3-images/seated-toe-raise.png,520916d51de3db02fa8dd6c1019dcc3c277fce01c85a3b33527d2b187fbe3fd7,delegated AI visual correction review,not individually certified
SST-FIT-0013-V01,seated-torso-rotation,/fit-v3-images/seated-torso-rotation.png,9267af342475474cf6dd1ea10f8df5fa879662c4b46849e15728cb29509af3e5,delegated AI visual correction review,not individually certified
SST-FIT-0013-V02,seated-torso-rotation,/fit-v3-images/seated-torso-rotation.png,9267af342475474cf6dd1ea10f8df5fa879662c4b46849e15728cb29509af3e5,delegated AI visual correction review,not individually certified
SST-FIT-0013-V03,seated-torso-rotation,/fit-v3-images/seated-torso-rotation.png,9267af342475474cf6dd1ea10f8df5fa879662c4b46849e15728cb29509af3e5,delegated AI visual correction review,not individually certified
SST-FIT-0013-V04,seated-torso-rotation,/fit-v3-images/seated-torso-rotation.png,9267af342475474cf6dd1ea10f8df5fa879662c4b46849e15728cb29509af3e5,delegated AI visual correction review,not individually certified
SST-FIT-0264-V01,side-lying-open-book,/fit-v3-images/side-lying-open-book.png,b0641c3427be43d9e492071cd79663611e59e235b36c8fc76e8924745f3e0bf1,delegated AI visual correction review,not individually certified
SST-FIT-0264-V02,side-lying-open-book,/fit-v3-images/side-lying-open-book.png,b0641c3427be43d9e492071cd79663611e59e235b36c8fc76e8924745f3e0bf1,delegated AI visual correction review,not individually certified
SST-FIT-0264-V03,side-lying-open-book,/fit-v3-images/side-lying-open-book.png,b0641c3427be43d9e492071cd79663611e59e235b36c8fc76e8924745f3e0bf1,delegated AI visual correction review,not individually certified
SST-FIT-0264-V04,side-lying-open-book,/fit-v3-images/side-lying-open-book.png,b0641c3427be43d9e492071cd79663611e59e235b36c8fc76e8924745f3e0bf1,delegated AI visual correction review,not individually certified
SST-FIT-0025-V01,sideways-walking,/fit-v3-images/sideways-walking.png,5e72045b389a6d68c0bf9cc1ef7817416274ec2e34ec2077dd2f5b2e51e75131,delegated AI visual correction review,not individually certified
SST-FIT-0025-V02,sideways-walking,/fit-v3-images/sideways-walking.png,5e72045b389a6d68c0bf9cc1ef7817416274ec2e34ec2077dd2f5b2e51e75131,delegated AI visual correction review,not individually certified
SST-FIT-0025-V03,sideways-walking,/fit-v3-images/sideways-walking.png,5e72045b389a6d68c0bf9cc1ef7817416274ec2e34ec2077dd2f5b2e51e75131,delegated AI visual correction review,not individually certified
SST-FIT-0294-V01,standing-alternating-hamstring-curl,/fit-v3-images/standing-alternating-hamstring-curl.png,8c5450bfd2b91b1304b1f36b11472ed091064363090027c848e02c57fa90a51b,delegated AI visual correction review,not individually certified
SST-FIT-0294-V02,standing-alternating-hamstring-curl,/fit-v3-images/standing-alternating-hamstring-curl.png,8c5450bfd2b91b1304b1f36b11472ed091064363090027c848e02c57fa90a51b,delegated AI visual correction review,not individually certified
SST-FIT-0294-V03,standing-alternating-hamstring-curl,/fit-v3-images/standing-alternating-hamstring-curl.png,8c5450bfd2b91b1304b1f36b11472ed091064363090027c848e02c57fa90a51b,delegated AI visual correction review,not individually certified
SST-FIT-0294-V04,standing-alternating-hamstring-curl,/fit-v3-images/standing-alternating-hamstring-curl.png,8c5450bfd2b91b1304b1f36b11472ed091064363090027c848e02c57fa90a51b,delegated AI visual correction review,not individually certified
SST-FIT-0294-V05,standing-alternating-hamstring-curl,/fit-v3-images/standing-alternating-hamstring-curl.png,8c5450bfd2b91b1304b1f36b11472ed091064363090027c848e02c57fa90a51b,delegated AI visual correction review,not individually certified
SST-FIT-0063-V01,standing-hamstring-curl,/fit-v3-images/standing-hamstring-curl.png,c2b48e758add8e9c65bc7cf9dc1197c1856a86a0d9352d6750c96d0847e55f37,delegated AI visual correction review,not individually certified
SST-FIT-0063-V02,standing-hamstring-curl,/fit-v3-images/standing-hamstring-curl.png,c2b48e758add8e9c65bc7cf9dc1197c1856a86a0d9352d6750c96d0847e55f37,delegated AI visual correction review,not individually certified
SST-FIT-0063-V03,standing-hamstring-curl,/fit-v3-images/standing-hamstring-curl.png,c2b48e758add8e9c65bc7cf9dc1197c1856a86a0d9352d6750c96d0847e55f37,delegated AI visual correction review,not individually certified
SST-FIT-0063-V04,standing-hamstring-curl,/fit-v3-images/standing-hamstring-curl.png,c2b48e758add8e9c65bc7cf9dc1197c1856a86a0d9352d6750c96d0847e55f37,delegated AI visual correction review,not individually certified
SST-FIT-0063-V05,standing-hamstring-curl,/fit-v3-images/standing-hamstring-curl.png,c2b48e758add8e9c65bc7cf9dc1197c1856a86a0d9352d6750c96d0847e55f37,delegated AI visual correction review,not individually certified
SST-FIT-0063-V06,standing-hamstring-curl,/fit-v3-images/standing-hamstring-curl.png,c2b48e758add8e9c65bc7cf9dc1197c1856a86a0d9352d6750c96d0847e55f37,delegated AI visual correction review,not individually certified
SST-FIT-0280-V01,standing-shoulder-circles,/fit-v3-images/standing-shoulder-circles.png,c009446255b6455bf76e14ece406ec23742ecb53383839c0ed6f357d58bb3b2d,delegated AI visual correction review,not individually certified
SST-FIT-0280-V02,standing-shoulder-circles,/fit-v3-images/standing-shoulder-circles.png,c009446255b6455bf76e14ece406ec23742ecb53383839c0ed6f357d58bb3b2d,delegated AI visual correction review,not individually certified
SST-FIT-0280-V03,standing-shoulder-circles,/fit-v3-images/standing-shoulder-circles.png,c009446255b6455bf76e14ece406ec23742ecb53383839c0ed6f357d58bb3b2d,delegated AI visual correction review,not individually certified
SST-FIT-0280-V04,standing-shoulder-circles,/fit-v3-images/standing-shoulder-circles.png,c009446255b6455bf76e14ece406ec23742ecb53383839c0ed6f357d58bb3b2d,delegated AI visual correction review,not individually certified
SST-FIT-0082-V01,supine-heel-slide,/fit-v3-images/supine-heel-slide.png,061fd2384ae6217334dd3fc52e57cc4a3711fdfa021e457ebcc24efdfa909023,delegated AI visual correction review,not individually certified
SST-FIT-0082-V02,supine-heel-slide,/fit-v3-images/supine-heel-slide.png,061fd2384ae6217334dd3fc52e57cc4a3711fdfa021e457ebcc24efdfa909023,delegated AI visual correction review,not individually certified
SST-FIT-0082-V03,supine-heel-slide,/fit-v3-images/supine-heel-slide.png,061fd2384ae6217334dd3fc52e57cc4a3711fdfa021e457ebcc24efdfa909023,delegated AI visual correction review,not individually certified
SST-FIT-0082-V04,supine-heel-slide,/fit-v3-images/supine-heel-slide.png,061fd2384ae6217334dd3fc52e57cc4a3711fdfa021e457ebcc24efdfa909023,delegated AI visual correction review,not individually certified
SST-FIT-0059-V01,supported-single-leg-calf-raise,/fit-v3-images/supported-single-leg-calf-raise.png,8c5a91c0265d922a23867c645d1f18a9b43fdcfdbd5f55bc9058cbd32be0af58,delegated AI visual correction review,not individually certified
SST-FIT-0059-V02,supported-single-leg-calf-raise,/fit-v3-images/supported-single-leg-calf-raise.png,8c5a91c0265d922a23867c645d1f18a9b43fdcfdbd5f55bc9058cbd32be0af58,delegated AI visual correction review,not individually certified
SST-FIT-0059-V03,supported-single-leg-calf-raise,/fit-v3-images/supported-single-leg-calf-raise.png,8c5a91c0265d922a23867c645d1f18a9b43fdcfdbd5f55bc9058cbd32be0af58,delegated AI visual correction review,not individually certified
SST-FIT-0059-V04,supported-single-leg-calf-raise,/fit-v3-images/supported-single-leg-calf-raise.png,8c5a91c0265d922a23867c645d1f18a9b43fdcfdbd5f55bc9058cbd32be0af58,delegated AI visual correction review,not individually certified
SST-FIT-0059-V05,supported-single-leg-calf-raise,/fit-v3-images/supported-single-leg-calf-raise.png,8c5a91c0265d922a23867c645d1f18a9b43fdcfdbd5f55bc9058cbd32be0af58,delegated AI visual correction review,not individually certified
SST-FIT-0059-V06,supported-single-leg-calf-raise,/fit-v3-images/supported-single-leg-calf-raise.png,8c5a91c0265d922a23867c645d1f18a9b43fdcfdbd5f55bc9058cbd32be0af58,delegated AI visual correction review,not individually certified
SST-FIT-0022-V01,supported-single-leg-stand,/fit-v3-images/supported-single-leg-stand.png,cd7448d5c151f4edf5dbfa32abafefaa7d9d728ae58257713e84af32d5649a3f,delegated AI visual correction review,not individually certified
SST-FIT-0022-V02,supported-single-leg-stand,/fit-v3-images/supported-single-leg-stand.png,cd7448d5c151f4edf5dbfa32abafefaa7d9d728ae58257713e84af32d5649a3f,delegated AI visual correction review,not individually certified
SST-FIT-0022-V03,supported-single-leg-stand,/fit-v3-images/supported-single-leg-stand.png,cd7448d5c151f4edf5dbfa32abafefaa7d9d728ae58257713e84af32d5649a3f,delegated AI visual correction review,not individually certified
SST-FIT-0035-V01,supported-standing-heel-walk,/fit-v3-images/supported-standing-heel-walk.png,1adc488fc5913897989b5aa27e783fac40bfc2c7189d374a95c8c65d1978eca1,delegated AI visual correction review,not individually certified
SST-FIT-0035-V02,supported-standing-heel-walk,/fit-v3-images/supported-standing-heel-walk.png,1adc488fc5913897989b5aa27e783fac40bfc2c7189d374a95c8c65d1978eca1,delegated AI visual correction review,not individually certified
SST-FIT-0035-V03,supported-standing-heel-walk,/fit-v3-images/supported-standing-heel-walk.png,1adc488fc5913897989b5aa27e783fac40bfc2c7189d374a95c8c65d1978eca1,delegated AI visual correction review,not individually certified
SST-FIT-0066-V01,wall-push-up,/fit-v3-images/wall-push-up.png,7e4e713bbca2fca6ce330cc07dda4eecba7c16ebcd7baad23d2a87f5ed89a9b0,delegated AI visual correction review,not individually certified
SST-FIT-0066-V02,wall-push-up,/fit-v3-images/wall-push-up.png,7e4e713bbca2fca6ce330cc07dda4eecba7c16ebcd7baad23d2a87f5ed89a9b0,delegated AI visual correction review,not individually certified
SST-FIT-0066-V03,wall-push-up,/fit-v3-images/wall-push-up.png,7e4e713bbca2fca6ce330cc07dda4eecba7c16ebcd7baad23d2a87f5ed89a9b0,delegated AI visual correction review,not individually certified
SST-FIT-0066-V04,wall-push-up,/fit-v3-images/wall-push-up.png,7e4e713bbca2fca6ce330cc07dda4eecba7c16ebcd7baad23d2a87f5ed89a9b0,delegated AI visual correction review,not individually certified
SST-FIT-0066-V05,wall-push-up,/fit-v3-images/wall-push-up.png,7e4e713bbca2fca6ce330cc07dda4eecba7c16ebcd7baad23d2a87f5ed89a9b0,delegated AI visual correction review,not individually certified
SST-FIT-0066-V06,wall-push-up,/fit-v3-images/wall-push-up.png,7e4e713bbca2fca6ce330cc07dda4eecba7c16ebcd7baad23d2a87f5ed89a9b0,delegated AI visual correction review,not individually certified
